<datasources>
  <datasource jndi-name="java:jboss/datasources/cdbDatasource" pool-name="OracleDS" jta="true" use-ccm="true">
    <connection-url>jdbc:oracle:thin:@rb-engsrv18.de.bosch.com:38000:SISAM014</connection-url>
    <driver>oracle</driver>
    <pool>
      <min-pool-size>10</min-pool-size>
      <max-pool-size>50</max-pool-size>
      <prefill>true</prefill>
    </pool>
    <security>
      <user-name>cdb_d</user-name>
      <password>test</password>
    </security>
     <timeout>
      <blocking-timeout-millis>5000</blocking-timeout-millis>
      <idle-timeout-minutes>30</idle-timeout-minutes>
    </timeout>
    </datasource>
</datasources>