<datasources>  <datasource jndi-name="java:jboss/datasources/cdbDatasource" pool-name="OracleDS" jta="true" use-ccm="true">    <connection-url>jdbc:oracle:thin:@rb-engsrv31.de.bosch.com:38630:sisam024</connection-url>    <driver>oracle</driver>    <pool>      <min-pool-size>10</min-pool-size>      <max-pool-size>50</max-pool-size>      <prefill>true</prefill>    </pool>    <security>      <user-name>cdb_q</user-name>      <password>Adler68</password>    </security>     <timeout>      <blocking-timeout-millis>5000</blocking-timeout-millis>      <idle-timeout-minutes>30</idle-timeout-minutes>    </timeout>    </datasource></datasources>