<?xml version="1.0" encoding="UTF-8"?>
<page xmlns="http://jboss.com/products/seam/pages" xmlns:xsi="http://www.w3.org/2001/XMLSchema-instance"
	xsi:schemaLocation="http://jboss.com/products/seam/pages http://jboss.com/products/seam/pages-2.2.xsd" >

  <begin-conversation flush-mode="manual" join="true"/>
  <navigation from-action="#{productCategoryManager.viewProductCategory}">
   <redirect view-id="/productCategory/productCategory.xhtml"/>
  </navigation>
  <navigation from-action="#{productCategoryManager.editProductCategory}">
   <redirect view-id="/productCategory/productCategory.xhtml"/>
  </navigation>
  <navigation from-action="#{productCategoryManager.createProductCategory}">
   <redirect view-id="/productCategory/productCategory.xhtml"/>
  </navigation>

</page>
