<?xml version="1.0" encoding="UTF-8"?>
<page xmlns="http://jboss.com/products/seam/pages" xmlns:xsi="http://www.w3.org/2001/XMLSchema-instance"
	xsi:schemaLocation="http://jboss.com/products/seam/pages http://jboss.com/products/seam/pages-2.2.xsd" >

  <end-conversation />
  <navigation from-action="#{certificateManager.viewCertificate}">
  <begin-conversation join="true"/>
   <redirect view-id="/certificate/certificate.xhtml"/>
  </navigation>
  
  <navigation from-action="#{certificateManager.editCertificate}">
  <begin-conversation join="true"/>
   <redirect view-id="/certificate/certificate.xhtml"/>
  </navigation>

</page>
