<?xml version="1.0" encoding="UTF-8"?>
<components xmlns="http://jboss.com/products/seam/components"
			xmlns:async="http://jboss.com/products/seam/async"
            xmlns:core="http://jboss.com/products/seam/core"
            xmlns:persistence="http://jboss.com/products/seam/persistence"
            xmlns:bpm="http://jboss.com/products/seam/bpm"
            xmlns:security="http://jboss.com/products/seam/security"
            xmlns:mail="http://jboss.com/products/seam/mail"
            xmlns:web="http://jboss.com/products/seam/web"
            xmlns:xsi="http://www.w3.org/2001/XMLSchema-instance"
            xsi:schemaLocation=
                "http://jboss.com/products/seam/core http://jboss.com/products/seam/core-2.2.xsd
                 http://jboss.com/products/seam/persistence http://jboss.com/products/seam/persistence-2.2.xsd
                 http://jboss.com/products/seam/bpm http://jboss.com/products/seam/bpm-2.2.xsd
                 http://jboss.com/products/seam/security http://jboss.com/products/seam/security-2.2.xsd
                 http://jboss.com/products/seam/mail http://jboss.com/products/seam/mail-2.2.xsd
                 http://jboss.com/products/seam/web http://jboss.com/products/seam/web-2.2.xsd
                 http://jboss.com/products/seam/async http://jboss.com/products/seam/async-2.2.xsd
                 http://jboss.com/products/seam/components http://jboss.com/products/seam/components-2.2.xsd">

   <core:init debug="true" jndi-pattern="@jndiPattern@"/>

   <core:manager concurrent-request-timeout="500"
                 conversation-timeout="1800000"
                 conversation-id-parameter="cid"
                 parent-conversation-id-parameter="pid"
                 default-flush-mode="MANUAL" />

   <!-- Make sure this URL pattern is the same as that used by the Faces Servlet -->
   <web:hot-deploy-filter url-pattern="*.seam"/>
   
   <web:multipart-filter create-temp-files="true" max-request-size="20000000" url-pattern="*.seam"/>


   <persistence:entity-manager-factory name="cdbDatabase" installed="false"/> 

	<!-- If Seam loads the persistence unit (JBoss 4.x), the EntityManagerFactory will be resolved from #{sampleDatabase}.	
		 On JBoss AS 5, the EntityManagerFactory is retrieved from JNDI (the binding occurs during application deployment). -->    
	<persistence:managed-persistence-context name="entityManager" auto-create="true"
	entity-manager-factory="#{cdbDatabase}" persistence-unit-jndi-name="java:/cdbEntityManagerFactory"/> 

   <security:identity authenticate-method="#{authenticator.authenticate}" remember-me="true"/>

   <event type="org.jboss.seam.security.notLoggedIn">
      <action execute="#{redirect.captureCurrentView}"/>
   </event>
   <event type="org.jboss.seam.security.loginSuccessful">
      <action execute="#{redirect.returnToCapturedView}"/>
   </event>
   <async:quartz-dispatcher />
    <mail:mail-session host="rb-smtp-int.bosch.com" auto-create="true" tls="false"/>

</components>
