<jboss-deployment-structure> 
   <deployment>
        <exclusions>
          <module name="javax.faces.api" slot="main"/>
          <module name="com.sun.jsf-impl" slot="main"/>
        </exclusions>
        <dependencies>
          <module name="org.quartz" slot="main" export="true"/>
          <module name="org.apache.commons.logging" />
          <module name="org.apache.commons.collections" />
          <module name="org.apache.log4j" />
          <module name="org.dom4j" />
          <module name="javax.faces.api" slot="1.2"/>
          <module name="com.sun.jsf-impl" slot="1.2"/>
        </dependencies>
    </deployment>   
</jboss-deployment-structure>