<?xml version="1.0" encoding="UTF-8"?>
<pages xmlns="http://jboss.com/products/seam/pages"
       xmlns:xsi="http://www.w3.org/2001/XMLSchema-instance"
       xsi:schemaLocation="http://jboss.com/products/seam/pages http://jboss.com/products/seam/pages-2.2.xsd"
		
       no-conversation-view-id="/home.xhtml"
       login-view-id="/login.xhtml">
	
  <page view-id="*">
   <end-conversation/>
  <navigation from-action="#{identity.login}">
 	  <rule if="#{identity.loggedIn}">
    <redirect view-id="/home.xhtml"/>
   </rule>
  </navigation>
  <navigation from-action="#{productCategoryManager.createProductCategory}">
  	<begin-conversation join="true"/>
   <redirect view-id="/productCategory/productCategory.xhtml"/>
  </navigation>
  <navigation from-action="#{productManager.createProduct}">
  	<begin-conversation join="true"/>
   <redirect view-id="/product/product.xhtml"/>
  </navigation>
  <navigation from-action="#{regulationManager.createRegulation}">
  	<begin-conversation join="true"/>
   <redirect view-id="/regulation/regulation.xhtml"/>
  </navigation>
  <navigation from-action="#{regulationRequirementManager.createRegulationRequirement}">
   <begin-conversation join="true"/>
   <redirect view-id="/regulationRequirement/regulationRequirement.xhtml"/>
  </navigation>
  <navigation from-action="#{informationManager.createInformation}">
  	<begin-conversation join="true"/>
   <redirect view-id="/information/information.xhtml"/>
  </navigation>
  <navigation from-action="#{certificateManager.createCertificate}">
  	<begin-conversation join="true"/>
   <redirect view-id="/certificate/certificate.xhtml"/>
  </navigation>
  <navigation from-action="#{instituteManager.createInstitute}">
  	<begin-conversation join="true"/>
   <redirect view-id="/institute/institute.xhtml"/>
  </navigation>
  <navigation from-action="#{brandManager.viewBrandList}">
   <redirect view-id="/brand/brandList.xhtml"/>
  </navigation>
  <navigation from-action="#{certificateManager.viewCertificateListResetFilters}">
   <redirect view-id="/certificate/certificateList.xhtml"/>
  </navigation>
  <navigation from-action="#{continentManager.viewContinentList}">
   <redirect view-id="/continent/continentList.xhtml"/>
  </navigation>
  <navigation from-action="#{countryManager.viewCountryList}">
   <redirect view-id="/country/countryList.xhtml"/>
  </navigation>
  <navigation from-action="#{instituteManager.viewInstituteListResetFilters}">
   <redirect view-id="/institute/instituteList.xhtml"/>
  </navigation>
  <navigation from-action="#{productTypeManager.viewProductTypeList}">
   <redirect view-id="/productType/productTypeList.xhtml"/>
  </navigation>
  <navigation from-action="#{productCategoryManager.viewProductCategoryListResetFilters}">
   <redirect view-id="/productCategory/productCategoryList.xhtml"/>
  </navigation>
  <navigation from-action="#{productManager.viewProductListResetFilters}">
   <redirect view-id="/product/productList.xhtml"/>
  </navigation>
  <navigation from-action="#{regulationManager.viewRegulationListResetFilters}">
   <redirect view-id="/regulation/regulationList.xhtml"/>
  </navigation>
  <navigation from-action="#{regulationRequirementManager.viewRegulationRequirementListResetFilters}">
   <redirect view-id="/regulationRequirement/regulationRequirementList.xhtml"/>
  </navigation>
  <navigation from-action="#{regulationTypeManager.viewRegulationTypeList}">
   <redirect view-id="/regulationType/regulationTypeList.xhtml"/>
  </navigation>
  <navigation from-action="#{informationManager.viewInformationListResetFilters}">
   <redirect view-id="/information/informationList.xhtml"/>
  </navigation>
  <navigation from-action="#{informationTypeManager.viewInformationTypeList}">
   <redirect view-id="/informationType/informationTypeList.xhtml"/>
  </navigation>
 </page>

    <exception class="org.jboss.seam.framework.EntityNotFoundException">
        <redirect view-id="/error.xhtml">
            <message severity="warn">Record not found</message>
        </redirect>
    </exception>
    
    <exception class="javax.persistence.EntityNotFoundException">
        <redirect view-id="/error.xhtml">
            <message severity="warn">Record not found</message>
        </redirect>
    </exception>
    
    <exception class="javax.persistence.EntityExistsException">
        <redirect view-id="/error.xhtml">
            <message severity="warn">Duplicate record</message>
        </redirect>
    </exception>
    
    <exception class="javax.persistence.OptimisticLockException">
        <end-conversation/>
        <redirect view-id="/error.xhtml">
            <message severity="warn">Another user changed the same data, please try again</message>
        </redirect>
    </exception>
    
    <exception class="org.jboss.seam.security.AuthorizationException">
        <redirect view-id="/error.xhtml">
            <message severity="error">You don't have permission to access this resource</message>
        </redirect>
    </exception>
    
    <exception class="org.jboss.seam.security.NotLoggedInException">
        <redirect view-id="/login.xhtml">
            <message severity="warn">#{messages['org.jboss.seam.NotLoggedIn']}</message>
        </redirect>
    </exception>
    
    <exception class="javax.faces.application.ViewExpiredException">
        <redirect view-id="/error.xhtml">
            <message severity="warn">Your session has timed out, please try again</message>
        </redirect>
    </exception>
    
    <exception class="org.jboss.seam.ConcurrentRequestTimeoutException" log-level="trace">
      <http-error error-code="503" />
    </exception>
     
    <exception>
        <redirect view-id="/error.xhtml">
            <message severity="error">Unexpected error, please try again</message>
        </redirect>
    </exception>
    
</pages>
