<?xml version="1.0" encoding="UTF-8" ?>
<!DOCTYPE log4j:configuration SYSTEM "log4j.dtd" >

<log4j:configuration xmlns:log4j="http://jakarta.apache.org/log4j/">

	<appender name="file" class="org.apache.log4j.RollingFileAppender">
        <param name="maxFileSize" value="1000KB" />
        <param name="maxBackupIndex" value="10" />
		<param name="file" value="${log.root}/cdb.log" />
        <!-- param name="threshold" value="warn"/-->
        <layout class="org.apache.log4j.PatternLayout">
            <param name="ConversionPattern" value="%d %-5p [%c] %m%n" />
        </layout>
	</appender>
        
	<appender name="stdout" class="org.apache.log4j.ConsoleAppender">
	  <layout class="org.apache.log4j.PatternLayout">
	    <param name="ConversionPattern" value="%d %-5p [%c] %m%n"/>
	  </layout>
	</appender>

	<logger name="com.bosch">
	  <level value="debug"/>
	  <appender-ref ref="file"/>
	</logger>

	<logger name="org.hibernate">
	  <level value="warn"/>
	  <appender-ref ref="file"/>
	</logger>

	<logger name="org.hibernate.SQL">
	  <level value="warn"/>
	  <appender-ref ref="file"/>
	</logger>

	<root>
	  <priority value ="info" />
	  <appender-ref ref="file"/>
	</root>

</log4j:configuration>