<?xml version="1.0" encoding="UTF-8"?>
<page xmlns="http://jboss.com/products/seam/pages" xmlns:xsi="http://www.w3.org/2001/XMLSchema-instance"
	xsi:schemaLocation="http://jboss.com/products/seam/pages http://jboss.com/products/seam/pages-2.2.xsd" >

  <begin-conversation flush-mode="manual" join="true"/>
  <navigation from-action="#{regulationTypeManager.viewRegulationType}">
   <redirect view-id="/regulationType/regulationType.xhtml"/>
  </navigation>
  <navigation from-action="#{regulationTypeManager.editRegulationType}">
   <redirect view-id="/regulationType/regulationType.xhtml"/>
  </navigation>
  <navigation from-action="#{regulationTypeManager.createRegulationType}">
   <redirect view-id="/regulationType/regulationType.xhtml"/>
  </navigation>


</page>
