<?xml version="1.0" encoding="UTF-8"?>
<page xmlns="http://jboss.com/products/seam/pages" xmlns:xsi="http://www.w3.org/2001/XMLSchema-instance"
	xsi:schemaLocation="http://jboss.com/products/seam/pages http://jboss.com/products/seam/pages-2.2.xsd" >

  <begin-conversation flush-mode="manual" join="true"/>
  <navigation from-action="#{userManager.editUser}">
   <redirect view-id="/user/user.xhtml"/>
  </navigation>
  <navigation from-action="#{userManager.createUser}">
   <rule if-outcome="detail">
    <redirect view-id="/user/user.xhtml"/>
   </rule>
   <rule if-outcome="list">
    <redirect view-id="/user/userList.xhtml"/>
   </rule>
  </navigation>


</page>
