<?xml version="1.0" encoding="UTF-8"?>
<page xmlns="http://jboss.com/products/seam/pages" xmlns:xsi="http://www.w3.org/2001/XMLSchema-instance"
	xsi:schemaLocation="http://jboss.com/products/seam/pages http://jboss.com/products/seam/pages-2.2.xsd" >

  <begin-conversation flush-mode="manual" join="true"/>
  <navigation from-action="#{instituteManager.viewInstitute}">
   <redirect view-id="/institute/institute.xhtml"/>
  </navigation>
  <navigation from-action="#{instituteManager.editInstitute}">
   <redirect view-id="/institute/institute.xhtml"/>
  </navigation>
  <navigation from-action="#{instituteManager.createInstitute}">
   <redirect view-id="/institute/institute.xhtml"/>
  </navigation>

</page>
