<?xml version="1.0" encoding="UTF-8"?>
<file-systems VERSION="2.0.0" application-name="cdb"
 model-entity="FileSystems" workspace-home="./WebContent/WEB-INF">
 <file-system NAME="WEB-INF" location="%workspace.home%" model-entity="FileSystemFolder"/>
 <file-system NAME="WEB-ROOT" info="Content-Type=Web"
  location="%workspace.home%/.." model-entity="FileSystemFolder"/>
 <file-system NAME="lib" location="%workspace.home%/lib" model-entity="FileSystemFolder"/>
 <file-system NAME="src" location="%workspace.home%/../../src/main" model-entity="FileSystemFolder"/>
 <file-system NAME="src-1" location="%workspace.home%/../../src/hot" model-entity="FileSystemFolder"/>
 <file-system NAME="cdb" location="%eclipse.project%" model-entity="FileSystemFolder"/>
 <file-system NAME="regulation"
  location="%workspace.home%/../regulation" model-entity="FileSystemFolder"/>
 <file-system NAME="regulationType"
  location="%workspace.home%/../regulationType" model-entity="FileSystemFolder"/>
 <file-system NAME="user" location="%workspace.home%/../user" model-entity="FileSystemFolder"/>
 <file-system
  NAME="lib-jboss-jaspi-api_1.0_spec-1.0.1.Final-redhat-3.jar"
  location="C:\openJava\openJava2-1407\jboss-eap-6.4\modules\system\layers\base\javax\security\auth\message\api\main\jboss-jaspi-api_1.0_spec-1.0.1.Final-redhat-3.jar" model-entity="FileSystemJar"/>
 <file-system
  NAME="lib-jboss-jacc-api_1.4_spec-1.0.3.Final-redhat-1.jar"
  location="C:\openJava\openJava2-1407\jboss-eap-6.4\modules\system\layers\base\javax\security\jacc\api\main\jboss-jacc-api_1.4_spec-1.0.3.Final-redhat-1.jar" model-entity="FileSystemJar"/>
 <file-system NAME="lib-jboss-ejb-api_3.1_spec-1.0.2.Final-redhat-3.jar"
  location="C:\openJava\openJava2-1407\jboss-eap-6.4\modules\system\layers\base\javax\ejb\api\main\jboss-ejb-api_3.1_spec-1.0.2.Final-redhat-3.jar" model-entity="FileSystemJar"/>
 <file-system NAME="lib-hibernate-jpa-2.0-api-1.0.1.Final-redhat-3.jar"
  location="C:\openJava\openJava2-1407\jboss-eap-6.4\modules\system\layers\base\javax\persistence\api\main\hibernate-jpa-2.0-api-1.0.1.Final-redhat-3.jar" model-entity="FileSystemJar"/>
 <file-system
  NAME="lib-jboss-jsf-api_2.1_spec-2.1.28.Final-redhat-1.jar"
  location="C:\openJava\openJava2-1407\jboss-eap-6.4\modules\system\layers\base\javax\faces\api\main\jboss-jsf-api_2.1_spec-2.1.28.Final-redhat-1.jar" model-entity="FileSystemJar"/>
 <file-system
  NAME="lib-jboss-interceptors-api_1.1_spec-1.0.1.Final-redhat-3.jar"
  location="C:\openJava\openJava2-1407\jboss-eap-6.4\modules\system\layers\base\javax\interceptor\api\main\jboss-interceptors-api_1.1_spec-1.0.1.Final-redhat-3.jar" model-entity="FileSystemJar"/>
 <file-system NAME="lib-jboss-rmi-api_1.0_spec-1.0.4.Final-redhat-3.jar"
  location="C:\openJava\openJava2-1407\jboss-eap-6.4\modules\system\layers\base\javax\rmi\api\main\jboss-rmi-api_1.0_spec-1.0.4.Final-redhat-3.jar" model-entity="FileSystemJar"/>
 <file-system NAME="lib-javax.inject-1.0.0.redhat-5.jar"
  location="C:\openJava\openJava2-1407\jboss-eap-6.4\modules\system\layers\base\javax\inject\api\main\javax.inject-1.0.0.redhat-5.jar" model-entity="FileSystemJar"/>
 <file-system
  NAME="lib-jboss-connector-api_1.6_spec-1.0.1.Final-redhat-3.jar"
  location="C:\openJava\openJava2-1407\jboss-eap-6.4\modules\system\layers\base\javax\resource\api\main\jboss-connector-api_1.6_spec-1.0.1.Final-redhat-3.jar" model-entity="FileSystemJar"/>
 <file-system
  NAME="lib-jboss-jaxrs-api_1.1_spec-1.0.1.Final-redhat-3.jar"
  location="C:\openJava\openJava2-1407\jboss-eap-6.4\modules\system\layers\base\javax\ws\rs\api\main\jboss-jaxrs-api_1.1_spec-1.0.1.Final-redhat-3.jar" model-entity="FileSystemJar"/>
 <file-system
  NAME="lib-jboss-jaxb-api_2.2_spec-1.0.4.Final-redhat-3.jar"
  location="C:\openJava\openJava2-1407\jboss-eap-6.4\modules\system\layers\base\javax\xml\bind\api\main\jboss-jaxb-api_2.2_spec-1.0.4.Final-redhat-3.jar" model-entity="FileSystemJar"/>
 <file-system
  NAME="lib-jboss-jaxrpc-api_1.1_spec-1.0.1.Final-redhat-4.jar"
  location="C:\openJava\openJava2-1407\jboss-eap-6.4\modules\system\layers\base\javax\xml\rpc\api\main\jboss-jaxrpc-api_1.1_spec-1.0.1.Final-redhat-4.jar" model-entity="FileSystemJar"/>
 <file-system
  NAME="lib-jboss-jaxr-api_1.0_spec-1.0.2.Final-redhat-3.jar"
  location="C:\openJava\openJava2-1407\jboss-eap-6.4\modules\system\layers\base\javax\xml\registry\api\main\jboss-jaxr-api_1.0_spec-1.0.2.Final-redhat-3.jar" model-entity="FileSystemJar"/>
 <file-system
  NAME="lib-jboss-jaxws-api_2.2_spec-2.0.2.Final-redhat-1.jar"
  location="C:\openJava\openJava2-1407\jboss-eap-6.4\modules\system\layers\base\javax\xml\ws\api\main\jboss-jaxws-api_2.2_spec-2.0.2.Final-redhat-1.jar" model-entity="FileSystemJar"/>
 <file-system
  NAME="lib-jboss-saaj-api_1.3_spec-1.0.3.Final-redhat-1.jar"
  location="C:\openJava\openJava2-1407\jboss-eap-6.4\modules\system\layers\base\javax\xml\soap\api\main\jboss-saaj-api_1.3_spec-1.0.3.Final-redhat-1.jar" model-entity="FileSystemJar"/>
 <file-system NAME="lib-wsdl4j-1.6.3.redhat-1.jar"
  location="C:\openJava\openJava2-1407\jboss-eap-6.4\modules\system\layers\base\javax\wsdl4j\api\main\wsdl4j-1.6.3.redhat-1.jar" model-entity="FileSystemJar"/>
 <file-system NAME="lib-jboss-jms-api_1.1_spec-1.0.1.Final-redhat-3.jar"
  location="C:\openJava\openJava2-1407\jboss-eap-6.4\modules\system\layers\base\javax\jms\api\main\jboss-jms-api_1.1_spec-1.0.1.Final-redhat-3.jar" model-entity="FileSystemJar"/>
 <file-system
  NAME="lib-jboss-j2eemgmt-api_1.1_spec-1.0.1.Final-redhat-3.jar"
  location="C:\openJava\openJava2-1407\jboss-eap-6.4\modules\system\layers\base\javax\management\j2ee\api\main\jboss-j2eemgmt-api_1.1_spec-1.0.1.Final-redhat-3.jar" model-entity="FileSystemJar"/>
 <file-system
  NAME="lib-jboss-transaction-api_1.1_spec-1.0.1.Final-redhat-3.jar"
  location="C:\openJava\openJava2-1407\jboss-eap-6.4\modules\system\layers\base\javax\transaction\api\main\jboss-transaction-api_1.1_spec-1.0.1.Final-redhat-3.jar" model-entity="FileSystemJar"/>
 <file-system NAME="lib-jsr181-api-1.0.0.MR1-redhat-7.jar"
  location="C:\openJava\openJava2-1407\jboss-eap-6.4\modules\system\layers\base\javax\jws\api\main\jsr181-api-1.0.0.MR1-redhat-7.jar" model-entity="FileSystemJar"/>
 <file-system NAME="lib-mail-1.4.5.redhat-2.jar"
  location="C:\openJava\openJava2-1407\jboss-eap-6.4\modules\system\layers\base\javax\mail\api\main\mail-1.4.5.redhat-2.jar" model-entity="FileSystemJar"/>
 <file-system NAME="lib-jboss-jad-api_1.2_spec-1.0.1.Final-redhat-3.jar"
  location="C:\openJava\openJava2-1407\jboss-eap-6.4\modules\system\layers\base\javax\enterprise\deploy\api\main\jboss-jad-api_1.2_spec-1.0.1.Final-redhat-3.jar" model-entity="FileSystemJar"/>
 <file-system NAME="lib-cdi-api-1.0.0.SP4-redhat-5.jar"
  location="C:\openJava\openJava2-1407\jboss-eap-6.4\modules\system\layers\base\javax\enterprise\api\main\cdi-api-1.0.0.SP4-redhat-5.jar" model-entity="FileSystemJar"/>
 <file-system
  NAME="lib-jboss-jstl-api_1.2_spec-1.0.6.Final-redhat-1.jar"
  location="C:\openJava\openJava2-1407\jboss-eap-6.4\modules\system\layers\base\javax\servlet\jstl\api\main\jboss-jstl-api_1.2_spec-1.0.6.Final-redhat-1.jar" model-entity="FileSystemJar"/>
 <file-system NAME="lib-jboss-jsp-api_2.2_spec-1.0.2.Final-redhat-1.jar"
  location="C:\openJava\openJava2-1407\jboss-eap-6.4\modules\system\layers\base\javax\servlet\jsp\api\main\jboss-jsp-api_2.2_spec-1.0.2.Final-redhat-1.jar" model-entity="FileSystemJar"/>
 <file-system
  NAME="lib-jboss-servlet-api_3.0_spec-1.0.2.Final-redhat-2.jar"
  location="C:\openJava\openJava2-1407\jboss-eap-6.4\modules\system\layers\base\javax\servlet\api\main\jboss-servlet-api_3.0_spec-1.0.2.Final-redhat-2.jar" model-entity="FileSystemJar"/>
 <file-system NAME="lib-activation-1.1.1.redhat-4.jar"
  location="C:\openJava\openJava2-1407\jboss-eap-6.4\modules\system\layers\base\javax\activation\api\main\activation-1.1.1.redhat-4.jar" model-entity="FileSystemJar"/>
 <file-system NAME="lib-validation-api-1.0.0.GA-redhat-3.jar"
  location="C:\openJava\openJava2-1407\jboss-eap-6.4\modules\system\layers\base\javax\validation\api\main\validation-api-1.0.0.GA-redhat-3.jar" model-entity="FileSystemJar"/>
 <file-system
  NAME="lib-jboss-annotations-api_1.1_spec-1.0.1.Final-redhat-3.jar"
  location="C:\openJava\openJava2-1407\jboss-eap-6.4\modules\system\layers\base\javax\annotation\api\main\jboss-annotations-api_1.1_spec-1.0.1.Final-redhat-3.jar" model-entity="FileSystemJar"/>
 <file-system NAME="lib-jboss-el-api_2.2_spec-1.0.4.Final-redhat-1.jar"
  location="C:\openJava\openJava2-1407\jboss-eap-6.4\modules\system\layers\base\javax\el\api\main\jboss-el-api_2.2_spec-1.0.4.Final-redhat-1.jar" model-entity="FileSystemJar"/>
 <file-system NAME="lib-hibernate-validator-4.3.2.Final-redhat-2.jar"
  location="C:\openJava\openJava2-1407\jboss-eap-6.4\modules\system\layers\base\org\hibernate\validator\main\hibernate-validator-4.3.2.Final-redhat-2.jar" model-entity="FileSystemJar"/>
 <file-system NAME="lib-picketbox-4.1.1.Final-redhat-1.jar"
  location="C:\openJava\openJava2-1407\jboss-eap-6.4\modules\system\layers\base\org\picketbox\main\picketbox-4.1.1.Final-redhat-1.jar" model-entity="FileSystemJar"/>
 <file-system NAME="lib-picketbox-commons-1.0.0.final-redhat-3.jar"
  location="C:\openJava\openJava2-1407\jboss-eap-6.4\modules\system\layers\base\org\picketbox\main\picketbox-commons-1.0.0.final-redhat-3.jar" model-entity="FileSystemJar"/>
 <file-system NAME="lib-picketbox-infinispan-4.1.1.Final-redhat-1.jar"
  location="C:\openJava\openJava2-1407\jboss-eap-6.4\modules\system\layers\base\org\picketbox\main\picketbox-infinispan-4.1.1.Final-redhat-1.jar" model-entity="FileSystemJar"/>
 <file-system
  NAME="lib-jboss-as-controller-client-7.5.0.Final-redhat-21.jar"
  location="C:\openJava\openJava2-1407\jboss-eap-6.4\modules\system\layers\base\org\jboss\as\controller-client\main\jboss-as-controller-client-7.5.0.Final-redhat-21.jar" model-entity="FileSystemJar"/>
 <file-system NAME="lib-jboss-dmr-1.2.2.Final-redhat-1.jar"
  location="C:\openJava\openJava2-1407\jboss-eap-6.4\modules\system\layers\base\org\jboss\dmr\main\jboss-dmr-1.2.2.Final-redhat-1.jar" model-entity="FileSystemJar"/>
 <file-system NAME="lib-jboss-logging-3.1.4.GA-redhat-2.jar"
  location="C:\openJava\openJava2-1407\jboss-eap-6.4\modules\system\layers\base\org\jboss\logging\main\jboss-logging-3.1.4.GA-redhat-2.jar" model-entity="FileSystemJar"/>
 <file-system
  NAME="lib-resteasy-jaxb-provider-2.3.10.Final-redhat-1.jar"
  location="C:\openJava\openJava2-1407\jboss-eap-6.4\modules\system\layers\base\org\jboss\resteasy\resteasy-jaxb-provider\main\resteasy-jaxb-provider-2.3.10.Final-redhat-1.jar" model-entity="FileSystemJar"/>
 <file-system
  NAME="lib-async-http-servlet-3.0-2.3.10.Final-redhat-1.jar"
  location="C:\openJava\openJava2-1407\jboss-eap-6.4\modules\system\layers\base\org\jboss\resteasy\resteasy-jaxrs\main\async-http-servlet-3.0-2.3.10.Final-redhat-1.jar" model-entity="FileSystemJar"/>
 <file-system NAME="lib-resteasy-jaxrs-2.3.10.Final-redhat-1.jar"
  location="C:\openJava\openJava2-1407\jboss-eap-6.4\modules\system\layers\base\org\jboss\resteasy\resteasy-jaxrs\main\resteasy-jaxrs-2.3.10.Final-redhat-1.jar" model-entity="FileSystemJar"/>
 <file-system
  NAME="lib-resteasy-multipart-provider-2.3.10.Final-redhat-1.jar"
  location="C:\openJava\openJava2-1407\jboss-eap-6.4\modules\system\layers\base\org\jboss\resteasy\resteasy-multipart-provider\main\resteasy-multipart-provider-2.3.10.Final-redhat-1.jar" model-entity="FileSystemJar"/>
 <file-system NAME="lib-jboss-ejb3-ext-api-2.1.0.redhat-1.jar"
  location="C:\openJava\openJava2-1407\jboss-eap-6.4\modules\system\layers\base\org\jboss\ejb3\main\jboss-ejb3-ext-api-2.1.0.redhat-1.jar" model-entity="FileSystemJar"/>
 <file-system NAME="lib-antlr-runtime.jar"
  location="D:\workspace\cdb\WebContent\WEB-INF\lib\antlr-runtime.jar" model-entity="FileSystemJar"/>
 <file-system NAME="lib-commons-beanutils.jar"
  location="D:\workspace\cdb\WebContent\WEB-INF\lib\commons-beanutils.jar" model-entity="FileSystemJar"/>
 <file-system NAME="lib-commons-digester.jar"
  location="D:\workspace\cdb\WebContent\WEB-INF\lib\commons-digester.jar" model-entity="FileSystemJar"/>
 <file-system NAME="lib-commons-io-2.4.jar"
  location="D:\workspace\cdb\WebContent\WEB-INF\lib\commons-io-2.4.jar" model-entity="FileSystemJar"/>
 <file-system NAME="lib-commons-lang.jar"
  location="D:\workspace\cdb\WebContent\WEB-INF\lib\commons-lang.jar" model-entity="FileSystemJar"/>
 <file-system NAME="lib-core.jar"
  location="D:\workspace\cdb\WebContent\WEB-INF\lib\core.jar" model-entity="FileSystemJar"/>
 <file-system NAME="lib-groovy-all.jar"
  location="D:\workspace\cdb\WebContent\WEB-INF\lib\groovy-all.jar" model-entity="FileSystemJar"/>
 <file-system NAME="lib-gwt-servlet.jar"
  location="D:\workspace\cdb\WebContent\WEB-INF\lib\gwt-servlet.jar" model-entity="FileSystemJar"/>
 <file-system NAME="lib-hibernate-annotations.jar"
  location="D:\workspace\cdb\WebContent\WEB-INF\lib\hibernate-annotations.jar" model-entity="FileSystemJar"/>
 <file-system NAME="lib-hibernate-commons-annotations.jar"
  location="D:\workspace\cdb\WebContent\WEB-INF\lib\hibernate-commons-annotations.jar" model-entity="FileSystemJar"/>
 <file-system NAME="lib-hibernate-core.jar"
  location="D:\workspace\cdb\WebContent\WEB-INF\lib\hibernate-core.jar" model-entity="FileSystemJar"/>
 <file-system NAME="lib-hibernate-entitymanager.jar"
  location="D:\workspace\cdb\WebContent\WEB-INF\lib\hibernate-entitymanager.jar" model-entity="FileSystemJar"/>
 <file-system NAME="lib-hibernate-validator.jar"
  location="D:\workspace\cdb\WebContent\WEB-INF\lib\hibernate-validator.jar" model-entity="FileSystemJar"/>
 <file-system NAME="lib-iText-rups-2.1.7.jar"
  location="D:\workspace\cdb\WebContent\WEB-INF\lib\iText-rups-2.1.7.jar" model-entity="FileSystemJar"/>
 <file-system NAME="lib-itext-rtf.jar"
  location="D:\workspace\cdb\WebContent\WEB-INF\lib\itext-rtf.jar" model-entity="FileSystemJar"/>
 <file-system NAME="lib-itext.jar"
  location="D:\workspace\cdb\WebContent\WEB-INF\lib\itext.jar" model-entity="FileSystemJar"/>
 <file-system NAME="lib-jasperreports-3.7.0.jar"
  location="D:\workspace\cdb\WebContent\WEB-INF\lib\jasperreports-3.7.0.jar" model-entity="FileSystemJar"/>
 <file-system NAME="lib-jboss-el.jar"
  location="D:\workspace\cdb\WebContent\WEB-INF\lib\jboss-el.jar" model-entity="FileSystemJar"/>
 <file-system NAME="lib-jboss-seam-debug.jar"
  location="D:\workspace\cdb\WebContent\WEB-INF\lib\jboss-seam-debug.jar" model-entity="FileSystemJar"/>
 <file-system NAME="lib-jboss-seam-excel.jar"
  location="D:\workspace\cdb\WebContent\WEB-INF\lib\jboss-seam-excel.jar" model-entity="FileSystemJar"/>
 <file-system NAME="lib-jboss-seam-ioc.jar"
  location="D:\workspace\cdb\WebContent\WEB-INF\lib\jboss-seam-ioc.jar" model-entity="FileSystemJar"/>
 <file-system NAME="lib-jboss-seam-mail.jar"
  location="D:\workspace\cdb\WebContent\WEB-INF\lib\jboss-seam-mail.jar" model-entity="FileSystemJar"/>
 <file-system NAME="lib-jboss-seam-pdf.jar"
  location="D:\workspace\cdb\WebContent\WEB-INF\lib\jboss-seam-pdf.jar" model-entity="FileSystemJar"/>
 <file-system NAME="lib-jboss-seam-remoting.jar"
  location="D:\workspace\cdb\WebContent\WEB-INF\lib\jboss-seam-remoting.jar" model-entity="FileSystemJar"/>
 <file-system NAME="lib-jboss-seam-ui.jar"
  location="D:\workspace\cdb\WebContent\WEB-INF\lib\jboss-seam-ui.jar" model-entity="FileSystemJar"/>
 <file-system NAME="lib-jboss-seam.jar"
  location="D:\workspace\cdb\WebContent\WEB-INF\lib\jboss-seam.jar" model-entity="FileSystemJar"/>
 <file-system NAME="lib-jbpm-jpdl.jar"
  location="D:\workspace\cdb\WebContent\WEB-INF\lib\jbpm-jpdl.jar" model-entity="FileSystemJar"/>
 <file-system NAME="lib-jcommon.jar"
  location="D:\workspace\cdb\WebContent\WEB-INF\lib\jcommon.jar" model-entity="FileSystemJar"/>
 <file-system NAME="lib-jfreechart-1.0.12.jar"
  location="D:\workspace\cdb\WebContent\WEB-INF\lib\jfreechart-1.0.12.jar" model-entity="FileSystemJar"/>
 <file-system NAME="lib-jfreechart.jar"
  location="D:\workspace\cdb\WebContent\WEB-INF\lib\jfreechart.jar" model-entity="FileSystemJar"/>
 <file-system NAME="lib-jsf-facelets.jar"
  location="D:\workspace\cdb\WebContent\WEB-INF\lib\jsf-facelets.jar" model-entity="FileSystemJar"/>
 <file-system NAME="lib-jxl.jar"
  location="D:\workspace\cdb\WebContent\WEB-INF\lib\jxl.jar" model-entity="FileSystemJar"/>
 <file-system NAME="lib-log4j.jar"
  location="D:\workspace\cdb\WebContent\WEB-INF\lib\log4j.jar" model-entity="FileSystemJar"/>
 <file-system NAME="lib-lucene-core.jar"
  location="D:\workspace\cdb\WebContent\WEB-INF\lib\lucene-core.jar" model-entity="FileSystemJar"/>
 <file-system NAME="lib-mvel2.jar"
  location="D:\workspace\cdb\WebContent\WEB-INF\lib\mvel2.jar" model-entity="FileSystemJar"/>
 <file-system NAME="lib-poi-3.2-FINAL-20081019.jar"
  location="D:\workspace\cdb\WebContent\WEB-INF\lib\poi-3.2-FINAL-20081019.jar" model-entity="FileSystemJar"/>
 <file-system NAME="lib-richfaces-api-3.3.3.Final.jar"
  location="D:\workspace\cdb\WebContent\WEB-INF\lib\richfaces-api-3.3.3.Final.jar" model-entity="FileSystemJar"/>
 <file-system NAME="lib-richfaces-impl-3.3.3.Final.jar"
  location="D:\workspace\cdb\WebContent\WEB-INF\lib\richfaces-impl-3.3.3.Final.jar" model-entity="FileSystemJar"/>
 <file-system NAME="lib-richfaces-ui-3.3.3.Final.jar"
  location="D:\workspace\cdb\WebContent\WEB-INF\lib\richfaces-ui-3.3.3.Final.jar" model-entity="FileSystemJar"/>
 <file-system NAME="lib-slf4j-api.jar"
  location="D:\workspace\cdb\WebContent\WEB-INF\lib\slf4j-api.jar" model-entity="FileSystemJar"/>
 <file-system NAME="lib-slf4j-log4j12.jar"
  location="D:\workspace\cdb\WebContent\WEB-INF\lib\slf4j-log4j12.jar" model-entity="FileSystemJar"/>
 <file-system NAME="lib-quartz-2.2.3.jar" location="D:\quartz-2.2.3.jar" model-entity="FileSystemJar"/>
 <web SERVLET_VERSION="2.4" model-entity="JstWeb" model-path="/web.xml">
  <module URI="/WEB-INF/faces-config.xml" model-entity="WebJSFModule"
   model-path="/faces-config.xml" src="src" web-root="WEB-ROOT"/>
 </web>
</file-systems>
