<?xml version="1.0" encoding="UTF-8"?>
<page xmlns="http://jboss.com/products/seam/pages" xmlns:xsi="http://www.w3.org/2001/XMLSchema-instance"
	xsi:schemaLocation="http://jboss.com/products/seam/pages http://jboss.com/products/seam/pages-2.2.xsd" >

	<begin-conversation flush-mode="manual" join="true"/>
  <navigation from-action="#{countryManager.viewCountryList}">
   <redirect view-id="/country/countryList.xhtml"/>
  </navigation>
  <navigation from-action="#{countryManager.saveCountry}">
   <redirect view-id="/country/countryList.xhtml"/>
  </navigation>
  <navigation from-action="#{countryManager.deleteCountry}">
   <redirect view-id="/country/countryList.xhtml"/>
  </navigation>

</page>
