<!DOCTYPE etl SYSTEM "http://scriptella.javaforge.com/dtd/etl.dtd">
<etl>
        <connection id="in" url="${db_in.url}" user="${db_in.uid}"
            password="${db_in.pwd}" classpath="../build.lib/ojdbc14-10.2.0.3.0.jar"/>
            
         <connection id="out" url="${db_out.url}" user="${db_out.uid}"
            password="${db_out.pwd}" classpath="../build.lib/ojdbc14-10.2.0.3.0.jar"/>
                
                
         <query connection-id="in">
        		 SELECT * FROM CDB_USER;
     			 <!-- For each row executes insert -->  
     		 <script connection-id="out"> 
       	  	  INSERT INTO CDB_USER(ID, USER_NAME, FIRST_NAME, LAST_NAME, DEPARTMENT,  active) 
      	  	  VALUES (?ID, ?USER_NAME, ?FIRST_NAME, ?LAST_NAME, ?DEPARTMENT, ?active);
      	  	  
     	 	</script>
  		</query>
  		
  		 <query connection-id="in">
     		 SELECT * FROM cdb_ROLE
     		 <script connection-id="out"> 
      	  	  INSERT INTO cdb_ROLE(ID, NAME) 
      	  	  VALUES (?ID, ?NAME)
     	 	</script>
  		</query>
  		
  		<query connection-id="in">
     		 SELECT * FROM CDB_NOVELTY
     		 <script connection-id="out"> 
      	  	  insert into CDB_NOVELTY (ID, CONTENT)
      	  	  VALUES (?ID, ?CONTENT)
     	 	</script>
  		</query>
  		
  		<query connection-id="in">
     		 SELECT * FROM CDB_BRAND
     		 <script connection-id="out"> 
      	  	  insert into CDB_BRAND (ID, NAME,REMARK)
      	  	  VALUES (?ID, ?NAME,?REMARK)
     	 	</script>
  		</query>
  		
  		<query connection-id="in">
     			 SELECT * FROM CDB_REGULATION_TYPE
     			 <!-- For each row executes insert -->  
     		 <script connection-id="out"> 
      	  	  insert into CDB_REGULATION_TYPE (ID, NAME,REMARK) 
      	  	  VALUES (?ID, ?NAME,?REMARK)
     	 	</script>
  		</query>
  		
  		<query connection-id="in">
     			 SELECT * FROM CDB_PRODUCT_CATEGORY
     			 <!-- For each row executes insert -->  
     		 <script connection-id="out"> 
      	  	  insert into CDB_PRODUCT_CATEGORY (ID, NAME,REMARK) 
      	  	  VALUES (?ID, ?NAME,?REMARK)
     	 	</script>
  		</query>
  		
  		<query connection-id="in">
     			 SELECT * FROM CDB_DOCUMENT
     			 <!-- For each row executes insert -->  
     		 <script connection-id="out"> 
      	  	  insert into CDB_DOCUMENT (ID, folder, FILE_NAME, CONTENT_TYPE, FILE_SIZE)
      	  	  VALUES (?ID, ?folder, ?FILE_NAME, ?CONTENT_TYPE, ?FILE_SIZE)
     	 	</script>
  		</query>
  		
  		<query connection-id="in">
     			 SELECT * FROM CDB_CONTINENT
     			 <!-- For each row executes insert -->  
     		 <script connection-id="out"> 
      	  	  insert into CDB_CONTINENT (ID, NAME) 
      	  	  VALUES (?ID, ?NAME)
     	 	</script>
  		</query>
  		
  		<query connection-id="in">
     			 SELECT * FROM CDB_COUNTRY
     			 <!-- For each row executes insert -->  
     		 <script connection-id="out"> 
      	  	 insert into CDB_COUNTRY (ID, NAME, CONTINENT_ID, CODE)		
      	  	  VALUES (?ID, ?NAME, ?CONTINENT_ID, ?CODE)
     	 	</script>
  		</query> 

  		<query connection-id="in">
     			 SELECT * FROM CDB_INSTITUTE
     			 <!-- For each row executes insert -->  
     		 <script connection-id="out"> 
      	  	  insert into CDB_INSTITUTE (ID, CREATE_DATE, UPDATE_DATE, CREATE_USER_ID, UPDATE_USER_ID, NAME, CONTACT_PERSON, CONTACT, REMARK  )		
      	  	  VALUES (?ID, ?CREATE_DATE, ?UPDATE_DATE, ?CREATE_USER_ID, ?UPDATE_USER_ID, ?NAME, ?CONTACT_PERSON, ?CONTACT, ?REMARK)		
     	 	</script>
  		</query> 
  	
  		<query connection-id="in">
     			 SELECT * FROM CDB_PRODUCT_group
     		 <script connection-id="out"> 
      	  	  insert into CDB_PRODUCT_group (ID,NAME,PRODUCT_CATEGORY_ID,REMARK,TYPEPLATE,TYPE_PLATE_DOC_ID )
      	  	  VALUES (?ID, ?NAME, ?PRODUCT_CATEGORY_ID, ?REMARK, ?TYPEPLATE, ?TYPE_PLATE_DOC_ID )
     	 	</script>
  		</query>
  		
  		<query connection-id="in">
     			 SELECT * FROM CDB_REGULATION
     		<script connection-id="out"> 
      	  	  insert into CDB_REGULATION (ID,CREATE_DATE, UPDATE_DATE, CREATE_USER_ID, UPDATE_USER_ID, NAME, CODE, ABBREVIATION, REGULATION_TYPE_ID, COUNTRY_ID, REMARK)
      	  	  VALUES (?ID,?CREATE_DATE, ?UPDATE_DATE, ?CREATE_USER_ID, ?UPDATE_USER_ID, ?NAME, ?CODE, ?ABBREVIATION, ?REGULATION_TYPE_ID, ?COUNTRY_ID, ?REMARK)
     	 	</script>
  		</query>
  	
  		<query connection-id="in">
     			 SELECT * FROM CDB_PRODUCT
     		<script connection-id="out"> 
      	  	  insert into CDB_PRODUCT (ID,CREATE_DATE, UPDATE_DATE, CREATE_USER_ID, UPDATE_USER_ID, NAME, BRAND_ID, REMARK, PRODUCT_group_ID)
      	  	  VALUES (?ID,?CREATE_DATE, ?UPDATE_DATE, ?CREATE_USER_ID, ?UPDATE_USER_ID, ?NAME, ?BRAND_ID, ?REMARK, ?PRODUCT_group_ID)
     	 	</script>
  		</query>
  		
  		<query connection-id="in">
     			 SELECT * FROM CDB_CERTIFICATE
     		<script connection-id="out"> 
       	  	  insert into CDB_CERTIFICATE( ID ,CERTIFICATE_NUMBER , REMARK , CREATE_DATE , UPDATE_DATE , CREATE_USER_ID , UPDATE_USER_ID , VALID_UNTIL , expiry_warning , CERT_DOC_REMARK , CERT_OTHER_DOC_REMARK , CONF_DECL_DOC_REMARK , PRODUCT_ID , CERT_OTHER_DOC_ID , CERT_DOC_ID ,INSTITUTE_ID , CONF_DECL_DOC , cert_conf_decl_upl_doc_id )
      	  	  VALUES ( ?ID , ?CERTIFICATE_NUMBER , ?REMARK , ?CREATE_DATE , ?UPDATE_DATE , ?CREATE_USER_ID , ?UPDATE_USER_ID , ?VALID_UNTIL , ?expiry_warning , ?CERT_DOC_REMARK , ?CERT_OTHER_DOC_REMARK , ?CONF_DECL_DOC_REMARK , ?PRODUCT_ID , ?CERT_OTHER_DOC_ID , ?CERT_DOC_ID ,?INSTITUTE_ID , ?CONF_DECL_DOC , ?cert_conf_decl_upl_doc_id )
     	 	</script>
  		</query>
  		
  		<query connection-id="in">
     			 SELECT * FROM CDB_REG_REQ
     		<script connection-id="out"> 
      	  	  insert into CDB_REG_REQ ( ID , CREATE_DATE , UPDATE_DATE , CREATE_USER_ID	, UPDATE_USER_ID , MANDATORY ,REMARK , REGULATION_ID)
      	  	  VALUES ( ?ID , ?CREATE_DATE , ?UPDATE_DATE , ?CREATE_USER_ID	, ?UPDATE_USER_ID , ?MANDATORY ,?REMARK , ?REGULATION_ID)
     	 	</script>
  		</query>
  		
  		<query connection-id="in">
     			 SELECT * FROM cdb_USER_ROLE
     		<script connection-id="out"> 
      	  	  insert into cdb_USER_ROLE(USER_ID,ROLE_ID)
      	  	  VALUES (?USER_ID,?ROLE_ID)
     	 	</script>
  		</query>
  		
  		<query connection-id="in">
     			 SELECT * FROM CDB_BRAND_PRODUCT
     		<script connection-id="out"> 
      	  	  insert into CDB_BRAND_PRODUCT(BRAND_ID, PRODUCT_ID)
      	  	  VALUES (?BRAND_ID, ?PRODUCT_ID)
     	 	</script>
  		</query>
  		
  		<query connection-id="in">
     			 SELECT * FROM CDB_COUNTRY_REGULATION
     		<script connection-id="out"> 
      	  	  insert into CDB_COUNTRY_REGULATION(COUNTRY_ID, REGULATION_ID)
      	  	  VALUES (?COUNTRY_ID, ?REGULATION_ID)
     	 	</script>
  		</query>
  		
  		<query connection-id="in">
     			 SELECT * FROM CDB_REGULATION_CERTIFICATE
     		<script connection-id="out"> 
      	  	  insert into CDB_REGULATION_CERTIFICATE(CERTIFICATE_ID, REGULATION_ID)
      	  	  VALUES (?CERTIFICATE_ID, ?REGULATION_ID)
     	 	</script>
  		</query>
  		
  		<query connection-id="in">
     			 SELECT * FROM CDB_COUNTRY_INSTITUTE
     		<script connection-id="out"> 
      	  	  insert into CDB_COUNTRY_INSTITUTE(INSTITUTE_ID, COUNTRY_ID)
      	  	  VALUES (?INSTITUTE_ID, ?COUNTRY_ID)
     	 	</script>
  		</query>
  		
  		<query connection-id="in">
     			 SELECT * FROM cdb_regreq_prodgroup
     		<script connection-id="out"> 
      	  	  insert into cdb_regreq_prodgroup(regreq_id, prodgroup_id)
      	  	  VALUES (?regreq_id, ?prodgroup_id)
     	 	</script>
  		</query>
  		
  		<query connection-id="in">
     			 SELECT * FROM CDB_REGULATION_INSTITUTE
     		<script connection-id="out"> 
      	  	  insert into CDB_REGULATION_INSTITUTE(INSTITUTE_ID, REGULATION_ID)
      	  	  VALUES (?INSTITUTE_ID, ?REGULATION_ID)
     	 	</script>
  		</query>
  		
  		<query connection-id="in">
     			 SELECT * FROM cdb_cert_expwarnrecip
     		<script connection-id="out"> 
      	  	  insert into cdb_cert_expwarnrecip(certificate_id, user_id)
      	  	  VALUES (?certificate_id, ?user_id)
     	 	</script>
  		</query>
  		
  		<query connection-id="in">
     			 SELECT * FROM cdb_doc_regulation_document
     		<script connection-id="out"> 
      	  	  insert into cdb_doc_regulation_document(regulation_id, document_id)
      	  	  VALUES (?regulation_id, ?document_id)
     	 	</script>
  		</query>
  		
  		<query connection-id="in">
     			 SELECT * FROM cdb_doc_regreq_document
     		<script connection-id="out"> 
      	  	  insert into cdb_doc_regreq_document(regreq_id, document_id)
      	  	  VALUES (?regreq_id, ?document_id)
     	 	</script>
  		</query>
</etl>